sensor_pair,sensor_names,valid_heartbeats,mean_ptt_ms,std_ptt_ms,min_ptt_ms,max_ptt_ms,median_ptt_ms,q25_ptt_ms,q75_ptt_ms
sensor2-sensor3,nose→finger,111,2.79279279279241,103.9332007508984,-199.99999999998863,189.99999999999773,10.000000000005116,-70.00000000000384,70.00000000000028
sensor2-sensor4,nose→wrist,110,39.636363636363654,103.37862688132077,-179.99999999999972,239.99999999998067,49.99999999999005,-30.000000000001137,100.00000000000585
sensor2-sensor5,nose→ear,109,-71.37614678899014,104.95493038764702,-289.99999999999204,120.00000000000455,-69.99999999999318,-150.00000000000568,9.999999999990905
sensor3-sensor4,finger→wrist,325,34.52307692307669,19.53703204946327,-60.000000000002274,79.9999999999983,39.99999999999204,29.99999999999403,49.99999999998295
sensor3-sensor5,finger→ear,317,-80.06309148264957,23.29340615396219,-189.99999999999773,-10.000000000000675,-79.9999999999983,-90.00000000000341,-60.000000000002274
sensor4-sensor5,wrist→ear,316,-114.39873417721473,22.528867521812185,-199.99999999998863,10.000000000005116,-110.00000000001364,-129.99999999999545,-99.99999999999787
