sensor,sensor_name,peak_count,quality,valid_ibi_ratio,hr_mean_bpm,hr_std_bpm,ibi_mean_ms,ibi_std_ms,rmssd_ms,pnn50_percent,signal_duration_s,fft_hr_bpm,fft_peak_freq_hz
sensor2,nose,209,good,0.6346153846153846,61.357736769399864,28.830280586898155,1144.7083675532765,420.73693126594156,540.2388670793905,95.65217391304348,240.01623048079313,51.912507110262936,0.8652084518377156
sensor3,finger,326,excellent,1.0,81.98934715005413,5.795897952474327,735.216282829516,51.17934114449422,68.13748812171802,14.814814814814813,240.01623048079313,81.57679688755604,1.3596132814592674
sensor4,wrist,327,excellent,0.9969325153374233,82.41395111637756,7.593677935840537,732.8782008235278,58.59137675973776,70.76699030409158,24.923076923076923,240.01623048079313,81.57679688755604,1.3596132814592674
sensor5,ear,324,excellent,0.9907120743034056,83.45349508666554,16.206091041925585,737.2053851965841,109.74278732120202,149.31200716669855,33.85093167701863,240.01623048079313,51.912507110262936,0.8652084518377156
