sensor,sensor_name,peak_count,quality,valid_ibi_ratio,hr_mean_bpm,hr_std_bpm,ibi_mean_ms,ibi_std_ms,rmssd_ms,pnn50_percent,signal_duration_s
sensor2,nose,217,good,0.5231481481481481,57.801601167405856,27.719298716513453,1225.0,459.9073980866318,607.1458198090722,95.34883720930233,266.7
sensor3,finger,329,excellent,1.0,74.87360651741788,9.861785980533456,809.4512195121952,65.43245492146339,77.5977237283971,16.207951070336392,266.7
sensor4,wrist,327,excellent,0.9969325153374233,74.15288809633324,6.668533339225108,814.3558282208589,64.66085957138498,77.53708789992028,25.846153846153847,266.7
sensor5,ear,332,excellent,0.9939577039274925,77.60243979359291,19.434091181990905,802.02416918429,124.80006737843993,170.66003775004936,37.57575757575757,266.7
