sensor_pair,sensor_names,valid_heartbeats,mean_ptt_ms,std_ptt_ms,min_ptt_ms,max_ptt_ms,median_ptt_ms,q25_ptt_ms,q75_ptt_ms
sensor2-sensor3,nose→finger,73,-8.767123287669646,107.75346297050318,-190.00000000000483,199.99999999998863,-9.99999999999801,-99.99999999999432,69.99999999999318
sensor2-sensor4,nose→wrist,77,-22.597402597401395,109.40693248770935,-190.0000000000004,199.99999999999574,-39.99999999999204,-120.00000000000455,50.00000000001137
sensor3-sensor4,finger→wrist,47,-3.61702127659461,118.3292473317818,-339.9999999999999,219.99999999999886,20.000000000010232,-50.00000000000426,79.9999999999983
