sensor,sensor_name,peak_count,quality,valid_ibi_ratio,hr_mean_bpm,hr_std_bpm,ibi_mean_ms,ibi_std_ms,rmssd_ms,pnn50_percent,signal_duration_s
sensor2,nose,199,excellent,0.7222222222222222,72.89518956638575,35.82078061290373,997.979797979798,403.200528594079,524.8519249723747,93.4010152284264,200.02
sensor3,finger,203,good,0.6584158415841584,78.7678199638229,42.34955709952374,978.1188118811881,450.9916749056811,699.3728533905928,92.53731343283582,200.02
sensor4,wrist,168,good,0.5389221556886228,63.07921041945487,34.98065596721164,1186.7664670658683,518.085223448596,685.5773224518448,97.59036144578313,200.02
sensor5,ear,139,fair,0.39855072463768115,55.71572949232197,31.48461106942992,1406.304347826087,871.2576916982791,1024.8161665306009,92.7007299270073,200.02
