sensor_pair,sensor_names,valid_heartbeats,mean_ptt_ms,std_ptt_ms,min_ptt_ms,max_ptt_ms,median_ptt_ms,q25_ptt_ms,q75_ptt_ms
sensor2-sensor3,nose→finger,564,46.684397163122114,53.38040624363814,-339.99999999991815,309.99999999994543,49.999999999954525,30.000000000001137,60.000000000002274
sensor2-sensor4,nose→wrist,544,77.33455882353131,44.63156176617337,-120.00000000000455,349.99999999990905,70.00000000005002,60.000000000002274,90.00000000003183
sensor2-sensor5,nose→ear,604,-43.34437086092467,46.28311184247268,-190.00000000000128,190.00000000005457,-49.99999999999716,-60.000000000002274,-30.00000000002956
sensor3-sensor4,finger→wrist,565,29.380530973452004,50.16932719170647,-349.9999999999659,340.00000000003183,30.000000000001137,9.999999999999787,40.000000000020464
sensor3-sensor5,finger→ear,615,-87.02439024390124,48.65432465418607,-199.9999999999318,199.99999999998863,-90.00000000000341,-109.99999999997101,-79.9999999999983
sensor4-sensor5,wrist→ear,591,-116.22673434856083,47.21849736487146,-199.9999999999993,189.99999999999773,-120.00000000000455,-139.99999999998636,-109.99999999998522
