sensor,sensor_name,peak_count,quality,valid_ibi_ratio,hr_mean_bpm,hr_std_bpm,ibi_mean_ms,ibi_std_ms,rmssd_ms,pnn50_percent,signal_duration_s
sensor2,nose,685,excellent,0.9093567251461988,65.5366245737158,19.613971701530502,972.1198830409356,223.29282877522698,277.2395827388111,60.32210834553441,666.69
sensor3,finger,679,excellent,0.9380530973451328,63.43651834410969,14.24582684990254,982.1533923303834,206.43074380289457,265.39733596620437,53.91432791728212,666.69
sensor4,wrist,685,excellent,0.9283625730994152,64.4263763815388,15.480914662901576,973.4502923976609,204.76865176468863,270.4223690575095,60.17569546120058,666.69
sensor5,ear,711,excellent,0.9507042253521126,68.51543653191992,23.043288940760892,938.3098591549295,208.48133577753615,262.71985218751007,59.09732016925246,666.69
