sensor,sensor_name,peak_count,is_valid,quality_score,heart_rate_bpm,mean_ibi_ms,rmssd,cv,analysis_method
sensor2,Nose,653,True,0.758742956785351,63.79394257047658,940.5281690140845,159.0475398409333,0.14125704321464894,Basic
sensor3,Finger,654,True,0.7821390572229969,63.243186362201406,948.7188019966723,124.75642936004006,0.11786094277700314,Basic
sensor4,Wrist,688,True,0.7470565735017607,64.60009465215335,928.7912087912088,169.1534601530841,0.1529434264982394,Basic
sensor5,Ear,693,True,0.7483048898117723,64.21823758790035,934.314024390244,151.11847634597754,0.15169511018822762,Basic
