sensor,sensor_name,peak_count,quality,valid_ibi_ratio,hr_mean_bpm,hr_std_bpm,ibi_mean_ms,ibi_std_ms,rmssd_ms,pnn50_percent,signal_duration_s
sensor2,nose,96,fair,0.4421052631578947,55.264747225849305,29.87285642112238,1336.2105263157894,588.6151078186431,838.7890207177193,94.68085106382979,133.33
sensor3,finger,66,fair,0.4307692307692308,51.50395139688718,28.196219169201317,1809.8461538461538,1905.9772315273312,1803.0867630261157,84.375,133.33
sensor4,wrist,110,good,0.6788990825688074,59.11544255050486,19.431356833529488,1213.5779816513764,746.2143270539052,942.8532347201339,63.888888888888886,133.33
sensor5,ear,154,excellent,0.8888888888888888,77.86264040779032,29.757274013893145,865.0326797385621,284.265190057523,405.4375479197228,69.07894736842105,133.33
