sensor_pair,sensor_names,valid_heartbeats,mean_ptt_ms,std_ptt_ms,min_ptt_ms,max_ptt_ms,median_ptt_ms,q25_ptt_ms,q75_ptt_ms
sensor2-sensor3,nose→finger,86,-15.232558139534332,112.02913599622516,-189.99999999999773,190.00000000000128,-39.99999999999204,-109.99999999999943,87.49999999999946
sensor2-sensor4,nose→wrist,83,13.49397590361402,110.48015397138754,-180.00000000000682,280.00000000000114,0.0,-79.99999999999119,109.99999999999943
sensor2-sensor5,nose→ear,81,-78.02469135802512,109.83061878381527,-300.00000000001137,170.00000000001592,-90.00000000000341,-169.99999999999994,19.99999999999602
sensor3-sensor4,finger→wrist,207,28.30917874396101,25.377175312901844,-39.99999999999204,140.00000000000057,30.000000000001137,10.000000000005116,40.000000000004476
sensor3-sensor5,finger→ear,197,-71.21827411167587,44.25970966420144,-189.99999999999773,170.0000000000017,-79.99999999998408,-99.99999999999432,-59.99999999999872
sensor4-sensor5,wrist→ear,187,-101.87165775401095,39.35610898404824,-209.99999999997954,70.0000000000216,-100.00000000000142,-120.00000000000455,-79.9999999999983
