sensor,sensor_name,peak_count,quality,valid_ibi_ratio,hr_mean_bpm,hr_std_bpm,ibi_mean_ms,ibi_std_ms,rmssd_ms,pnn50_percent,signal_duration_s
sensor2,nose,177,good,0.5965909090909091,70.59089958595816,41.859415804802005,1120.5681818181818,541.084470708732,782.9833057880974,94.28571428571428,200.01
sensor3,finger,225,excellent,0.96875,70.13854198738322,16.111295533501636,884.2410714285714,149.0965498268846,199.4195613147768,37.219730941704036,200.01
sensor4,wrist,226,excellent,0.9644444444444444,72.32113779112005,21.793475554647475,880.3111111111111,203.69343219894873,223.5099470461475,43.75,200.01
sensor5,ear,232,excellent,0.9307359307359307,76.46253982405051,27.092573953926916,857.3593073593072,229.89447209713217,329.75880513675145,69.56521739130434,200.01
