sensor_pair,sensor_names,valid_heartbeats,mean_ptt_ms,std_ptt_ms,min_ptt_ms,max_ptt_ms,median_ptt_ms,q25_ptt_ms,q75_ptt_ms
sensor2-sensor3,nose→finger,88,46.36363636363803,86.81461201608957,-189.99999999999773,180.00000000000682,60.000000000002274,17.49999999999652,102.50000000001336
sensor2-sensor4,nose→wrist,41,70.73170731707373,130.09171706263277,-229.99999999998977,379.99999999999545,60.0000000000005,-10.000000000005116,159.9999999999966
sensor3-sensor4,finger→wrist,80,12.749999999999705,103.64573073696602,-189.99999999999773,199.9999999999993,39.99999999999204,-60.000000000002274,82.50000000000313
