sensor,sensor_name,peak_count,quality,valid_ibi_ratio,hr_mean_bpm,hr_std_bpm,ibi_mean_ms,ibi_std_ms,rmssd_ms,pnn50_percent,signal_duration_s
sensor2,nose,177,good,0.6193181818181818,69.23293521139753,39.58268760571928,1128.3522727272727,528.71962710471,707.8837676987852,89.71428571428571,200.02
sensor3,finger,209,excellent,0.7788461538461539,75.35232571363979,34.98961343979805,957.0192307692307,410.43335401952373,581.7884304261956,89.85507246376811,200.02
sensor4,wrist,191,good,0.6684210526315789,67.63717786307325,30.95464715444854,1043.578947368421,397.4455693669488,583.1482699639124,91.53439153439153,200.02
sensor5,ear,117,poor,0.09482758620689655,40.21397574235841,22.44113729792536,1719.137931034483,518.8208928966383,706.0016011805985,98.26086956521739,200.02
