sensor,sensor_name,peak_count,quality,valid_ibi_ratio,hr_mean_bpm,hr_std_bpm,ibi_mean_ms,ibi_std_ms,rmssd_ms,pnn50_percent,signal_duration_s,fft_hr_bpm,fft_peak_freq_hz
sensor2,nose,169,good,0.6130952380952381,72.18782319052814,39.95498379956615,1063.8502709707984,479.447667136057,616.0930652535305,87.42514970059881,180.01381560768058,51.9107357351067,0.865178928918445
sensor3,finger,197,excellent,0.7908163265306123,76.80371072009186,33.64265532799755,914.1216085324389,358.0775316020223,504.0406161044732,87.6923076923077,180.01381560768058,51.9107357351067,0.865178928918445
sensor4,wrist,187,excellent,0.7956989247311828,72.69431799917392,31.723165244190326,959.3486678357657,354.4294911610614,515.3467518508523,92.97297297297298,180.01381560768058,51.9107357351067,0.865178928918445
sensor5,ear,117,poor,0.20689655172413793,42.88720961480494,16.831097655629502,1547.110589386216,440.16718665676194,577.8032693424163,99.1304347826087,180.01381560768058,51.9107357351067,0.865178928918445
