sensor_pair,sensor_names,valid_heartbeats,mean_ptt_ms,std_ptt_ms,min_ptt_ms,max_ptt_ms,median_ptt_ms,q25_ptt_ms,q75_ptt_ms
sensor2-sensor3,nose→finger,105,7.238095238095634,99.87130040202199,-190.00000000001194,179.99999999999972,19.99999999999602,-70.00000000000028,79.9999999999983
sensor2-sensor4,nose→wrist,70,74.0,104.353793825209,-170.0000000000017,339.9999999999999,75.00000000000284,10.000000000002451,147.4999999999991
sensor2-sensor5,nose→ear,61,-32.29508196721228,104.6993109505403,-359.99999999999943,239.99999999999488,-30.000000000001137,-79.9999999999983,20.000000000010232
sensor3-sensor4,finger→wrist,115,41.56521739130419,84.04544634327104,-189.99999999999773,199.99999999998863,39.99999999999204,-19.99999999999602,100.00000000000853
sensor3-sensor5,finger→ear,92,-39.67391304347782,89.81201487063305,-199.99999999999574,190.00000000001194,-54.99999999999794,-102.50000000000625,10.000000000001119
sensor4-sensor5,wrist→ear,64,-92.18749999999899,91.57423133038115,-310.0000000000023,120.00000000000455,-90.00000000000341,-152.5000000000034,-30.00000000000025
