sensor,sensor_name,peak_count,quality,valid_ibi_ratio,hr_mean_bpm,hr_std_bpm,ibi_mean_ms,ibi_std_ms,rmssd_ms,pnn50_percent,signal_duration_s
sensor2,nose,161,excellent,0.8625,84.39028825887644,30.911681452688356,818.125,318.31428553396756,437.04626066615054,88.67924528301887,133.33
sensor3,finger,170,excellent,0.8875739644970414,88.38303899209369,31.556048526944377,784.3195266272189,324.0146350113693,431.7096411776249,87.5,133.33
sensor4,wrist,171,excellent,0.8705882352941177,87.9942759230194,29.792310321960716,780.2352941176471,314.8799079036077,446.8012544149204,82.24852071005917,133.33
sensor5,ear,142,excellent,0.7730496453900709,77.55942800100769,33.407527314313015,937.4468085106383,423.10470889414097,579.7425537007159,88.57142857142857,133.33
