sensor,sensor_name,peak_count,quality,valid_ibi_ratio,hr_mean_bpm,hr_std_bpm,ibi_mean_ms,ibi_std_ms,rmssd_ms,pnn50_percent,signal_duration_s,fft_hr_bpm,fft_peak_freq_hz
sensor2,nose,153,excellent,0.9210526315789473,89.13211913014852,32.77457490259524,775.1739992911408,302.0781684792928,391.7367722730729,89.40397350993378,119.99541932076188,51.91021290180759,0.8651702150301265
sensor3,finger,161,excellent,0.90625,92.53011000756389,32.363490095033114,745.6964270678675,297.3518589343071,371.3758310551671,84.27672955974843,119.99541932076188,51.91021290180759,0.8651702150301265
sensor4,wrist,164,excellent,0.9386503067484663,94.8971958493425,33.84517025339048,732.3584509262666,301.5367536629394,422.13481878465524,83.33333333333334,119.99541932076188,51.91021290180759,0.8651702150301265
sensor5,ear,137,excellent,0.8088235294117647,83.2034229658314,36.34406201277072,874.9075926382311,390.38640407787005,510.5670692490957,88.14814814814815,119.99541932076188,51.91021290180759,0.8651702150301265
