sensor_pair,sensor_names,valid_heartbeats,mean_ptt_ms,std_ptt_ms,min_ptt_ms,max_ptt_ms,median_ptt_ms,q25_ptt_ms,q75_ptt_ms
sensor3-sensor4,finger→wrist,383,38.851174934725314,24.859632937646314,-150.00000000000034,180.00000000000682,39.99999999999204,30.000000000001137,49.99999999999716
sensor3-sensor5,finger→ear,374,-57.48663101604321,33.83814230637144,-170.0000000000017,189.99999999999773,-60.000000000002274,-70.00000000000739,-50.00000000001137
sensor4-sensor5,wrist→ear,364,-98.24175824175838,31.55645234846154,-240.000000000002,129.999999999999,-99.99999999999432,-110.00000000001364,-89.99999999997499
