sensor,sensor_name,peak_count,quality,valid_ibi_ratio,hr_mean_bpm,hr_std_bpm,ibi_mean_ms,ibi_std_ms,rmssd_ms,pnn50_percent,signal_duration_s
sensor2,nose,112,fair,0.44144144144144143,50.004035515192065,29.776848645883387,2951.8018018018024,7446.612168600317,8601.666487584624,92.72727272727272,333.36
sensor3,finger,398,excellent,0.9899244332493703,73.38241983887917,11.956804120897983,836.448362720403,125.1486993770113,153.79623801732814,35.35353535353536,333.36
sensor4,wrist,400,excellent,0.9824561403508771,74.06993703034044,13.473082744046556,832.1052631578947,133.58964942484133,148.58968494603388,36.68341708542713,333.36
sensor5,ear,397,excellent,0.9797979797979798,73.94331246293181,15.555462636552447,838.2575757575758,143.96704279905464,197.07031450921122,45.822784810126585,333.36
