sensor_pair,sensor_names,valid_heartbeats,mean_ptt_ms,std_ptt_ms,min_ptt_ms,max_ptt_ms,median_ptt_ms,q25_ptt_ms,q75_ptt_ms
sensor2-sensor3,nose→finger,94,26.063829787234457,112.86612371834464,-199.99999999998863,199.99999999999574,60.000000000002274,-77.49999999998813,110.00000000001026
sensor2-sensor5,nose→ear,168,-21.547619047618745,50.30843079064024,-199.99999999999974,150.00000000000568,-19.999999999999794,-49.99999999998295,0.0
sensor3-sensor5,finger→ear,83,-50.8433734939756,129.2909749016874,-299.99999999998295,289.99999999999204,-70.00000000000028,-144.99999999999957,60.000000000002274
