sensor,sensor_name,peak_count,quality,valid_ibi_ratio,hr_mean_bpm,hr_std_bpm,ibi_mean_ms,ibi_std_ms,rmssd_ms,pnn50_percent,signal_duration_s
sensor2,nose,201,excellent,0.885,67.83661069989938,28.905120707406443,993.4,284.3526683539301,360.9054776795391,81.4070351758794,200.02
sensor3,finger,192,good,0.6858638743455497,70.71129307357226,36.66013076502785,1039.0575916230366,418.55792299644645,589.2577847106501,93.15789473684211,200.02
sensor4,wrist,160,fair,0.48427672955974843,61.35167001157034,36.84408142022843,1246.2264150943397,517.5567653310885,701.8416100300857,94.9367088607595,200.02
sensor5,ear,193,excellent,0.8385416666666666,60.65170478999065,17.34438953309457,1035.3645833333333,181.79335909852773,226.92919300685764,82.72251308900523,200.02
