sensor,sensor_name,peak_count,quality,valid_ibi_ratio,hr_mean_bpm,hr_std_bpm,ibi_mean_ms,ibi_std_ms,rmssd_ms,pnn50_percent,signal_duration_s,fft_hr_bpm,fft_peak_freq_hz
sensor2,nose,198,excellent,0.949238578680203,73.45897208799283,29.838392641350616,907.6141024047558,251.8596291173844,319.4520039290834,79.59183673469387,180.00589709236385,51.913019304493375,0.8652169884082229
sensor3,finger,179,excellent,0.7415730337078652,70.99875277829365,33.527936442239586,1003.4325330366248,381.23150221746755,527.9637794704735,92.65536723163842,180.00589709236385,51.913019304493375,0.8652169884082229
sensor4,wrist,155,good,0.538961038961039,64.16309212444692,35.8703213828553,1158.3506883613056,457.7905265356734,622.3883049913748,91.50326797385621,180.00589709236385,51.913019304493375,0.8652169884082229
sensor5,ear,191,excellent,0.9894736842105263,66.03730304891116,15.29538104682911,941.478803831437,161.92982875743687,183.4052249461602,82.01058201058201,180.00589709236385,59.329164919421004,0.9888194153236834
