sensor_pair,sensor_names,valid_heartbeats,mean_ptt_ms,std_ptt_ms,min_ptt_ms,max_ptt_ms,median_ptt_ms,q25_ptt_ms,q75_ptt_ms
sensor2-sensor3,nose→finger,145,54.48275862069049,68.96206887930627,-199.99999999999574,180.00000000000682,60.000000000002274,0.0,99.99999999999432
sensor2-sensor4,nose→wrist,138,93.11594202898642,77.9427579314957,-209.99999999999375,230.0000000000182,99.99999999999432,40.00000000000359,149.99999999999324
sensor2-sensor5,nose→ear,70,-10.857142857141023,104.01569740247191,-250.0,299.99999999998295,-19.99999999998181,-80.00000000000983,55.00000000000149
sensor3-sensor4,finger→wrist,218,44.72477064220209,29.086511757716856,-179.9999999999926,130.00000000000034,49.99999999999716,30.000000000001137,60.000000000002274
sensor3-sensor5,finger→ear,114,-61.49122807017455,82.57088880131515,-189.99999999999773,189.99999999999773,-69.99999999999673,-110.00000000000098,-30.000000000001137
sensor4-sensor5,wrist→ear,106,-105.4716981132073,81.35795673154149,-299.99999999999716,140.00000000001478,-114.99999999998778,-159.9999999999966,-62.500000000001776
