sensor,sensor_name,peak_count,quality,valid_ibi_ratio,hr_mean_bpm,hr_std_bpm,ibi_mean_ms,ibi_std_ms,rmssd_ms,pnn50_percent,signal_duration_s,fft_hr_bpm,fft_peak_freq_hz
sensor2,nose,228,excellent,0.947136563876652,87.94843667510416,35.92940545601409,787.304653308473,280.5942463021597,351.53218796115596,86.28318584070797,180.01412842849584,51.910645526861295,0.8651774254476883
sensor3,finger,231,excellent,0.9956521739130435,78.20860271302821,11.358424866324631,776.8398142122586,73.1047310724978,77.11943938072716,13.973799126637553,180.01412842849584,74.15806503837328,1.2359677506395548
sensor4,wrist,227,excellent,0.9690265486725663,79.10204419752564,18.50322874272197,789.5538154927399,152.5774583038582,222.79323350236405,49.77777777777778,180.01412842849584,51.910645526861295,0.8651774254476883
sensor5,ear,202,excellent,0.8805970149253731,78.26176444827333,34.64180218119422,887.9809021570303,305.6262179667724,415.8446243899658,93.5,180.01412842849584,51.910645526861295,0.8651774254476883
