sensor,sensor_name,peak_count,quality,valid_ibi_ratio,hr_mean_bpm,hr_std_bpm,ibi_mean_ms,ibi_std_ms,rmssd_ms,pnn50_percent,signal_duration_s
sensor2,nose,241,excellent,0.8666666666666667,85.03925443923121,36.34692471950477,827.375,309.94654276987825,391.61504452233953,90.3765690376569,200.02
sensor3,finger,234,excellent,0.9957081545064378,72.13607656780715,15.105803939218939,852.1030042918455,103.31146972326965,104.84389051971807,21.120689655172413,200.02
sensor4,wrist,233,excellent,0.9655172413793104,74.48189905625738,22.348657957049703,854.6120689655172,185.25338060816543,246.55285779790051,54.54545454545454,200.02
sensor5,ear,213,excellent,0.7688679245283019,76.31090597308065,36.269574799432085,935.4245283018868,347.23477588951516,485.00598520760997,93.8388625592417,200.02
