sensor_pair,sensor_names,valid_heartbeats,mean_ptt_ms,std_ptt_ms,min_ptt_ms,max_ptt_ms,median_ptt_ms,q25_ptt_ms,q75_ptt_ms
sensor2-sensor3,nose→finger,280,15.03571428571353,62.962563788139136,-180.00000000000682,189.99999999999773,19.99999999998181,-10.000000000000231,49.99999999999716
sensor2-sensor4,nose→wrist,228,63.596491228070576,69.2963024377791,-250.0,270.00000000003865,69.99999999999318,30.000000000001137,100.00000000000675
sensor2-sensor5,nose→ear,184,-11.413043478259521,84.61012275931321,-340.0000000000034,300.00000000001137,-10.000000000000675,-52.499999999994884,20.000000000010232
sensor3-sensor4,finger→wrist,341,46.68621700879945,41.58006181133545,-189.99999999999773,170.00000000001592,50.00000000000071,30.000000000001137,69.99999999999318
sensor3-sensor5,finger→ear,273,-26.8498168498151,72.37192407100457,-189.99999999999773,199.99999999998863,-30.00000000002956,-60.000000000002274,0.0
sensor4-sensor5,wrist→ear,224,-71.07142857142814,78.28926608209717,-250.0,310.0000000000023,-79.9999999999983,-119.99999999999832,-40.00000000001691
