sensor,sensor_name,peak_count,quality,valid_ibi_ratio,hr_mean_bpm,hr_std_bpm,ibi_mean_ms,ibi_std_ms,rmssd_ms,pnn50_percent,signal_duration_s
sensor2,nose,396,excellent,0.8607594936708861,82.04868237966619,32.55974300118067,840.2278481012659,312.3365577392961,426.94790989826447,85.0253807106599,333.36
sensor3,finger,451,excellent,0.9733333333333334,91.08673361127578,35.21051395644951,738.2,228.43351573512768,306.6439502899769,60.35634743875279,333.36
sensor4,wrist,384,excellent,0.8642297650130548,75.07356715688455,22.700246371471692,867.3107049608356,261.529593980684,368.21239318109156,64.3979057591623,333.36
sensor5,ear,363,excellent,0.7734806629834254,76.03462895460773,31.161917397669708,916.8508287292817,353.7057566372345,454.8388652608746,78.39335180055402,333.36
